"relative_path","kind","bytes","sha256"
"assets/framework_overview_source_candidate_1.png","asset","1044176","d7dd176d4b28dc399322795e0496fe1d12d82751f50577453f0ee6e51c8a4aa9"
"code/make_diagnostic_figures.py","code","13042","4b54e9c09a7a0a84cd196ed683f0c66bc285acb333fdbbfcd7a2613439df6dae"
"code/make_figures.py","code","10352","12f82f03d5a63c7fd80c2df94c902fe791d1994e4e0290c8e3e56d1fbd058ec2"
"code/run_experiment_legacy_figures.py","code","17856","e03a7e6cdbef61fbddb3d10d332bb165144d73cbbd46ab604887cdd56612fe19"
"code/server_bookdash_stress_test.py","code","28007","8b86954d5c790b6abac65854974a7452be1e88725702d7d187ec7fe4b6d106be"
"data/bookdash_stress/bookdash_detector_oof_scores.csv","data","335790","c9d6ad51cb5489ad36883ac8c302822897ceef25bc7b127aa749ae02f526fd3d"
"data/bookdash_stress/bookdash_detector_summary.csv","data","412","0e7cdad99c6fe08285b442ffc29824d75ae9a1f744d4c8191710806da22b00e9"
"data/bookdash_stress/bookdash_pages_manifest.csv","data","70197","d6fc924f9b01e1d0cb2b0f491e2781455c9912db76810cb67b1e0075efe5b74a"
"data/bookdash_stress/bookdash_variant_manifest.csv","data","309535","0755f99355e8cd60c35469ca1debd652093a8098e138c9daee3f3d164a03f332"
"data/bookdash_stress/bookdash_variant_scores.csv","data","15173","b0d8a515156b2b0dd584ab606197532b7f9524efdbf6547d96ac141b00f74181"
"data/bookdash_stress/bookdash_variant_scores_public_regression_score.csv","data","332233","b1620ab4fa57e335bfac0e6d207276d33aa1955d7e38f78e015616e1a0211308"
"data/bookdash_stress/bookdash_variant_scores_public_screening_score.csv","data","333670","4a093bc32fe12af717dc22426babefbdce971786a8074aeab566ccc86e4e1b95"
"data/bookdash_stress/bookdash_zero_shot_pairs.csv","data","6277","4ae0aea6db0ae8cb12a7fefd8cac8968528ffbe132678b77ec8aff94a4b1d092"
"data/bookdash_stress/bookdash_zero_shot_pairs_public_regression_score.csv","data","135043","5ff69d31c91d392216585b24ec1baac36da407a4c21b8fdb9e58ba570603ec0a"
"data/bookdash_stress/bookdash_zero_shot_pairs_public_screening_score.csv","data","137744","ca1896ec411001f457051b157bd5f0d1be2d37c21c4da3194fdcaf6308db5a0f"
"data/bookdash_stress/bookdash_zero_shot_summary.csv","data","3297","644da3803656128839765b058ee1dd7852199075713f80bd83b5a05d5e6ccfe6"
"data/bookdash_stress/bookdash_zero_shot_summary_public_regression_score.csv","data","1762","bbf0880643bc7acf8c5ac9f001d065626133a0815450c21d81f652adc1d22757"
"data/bookdash_stress/bookdash_zero_shot_summary_public_screening_score.csv","data","1728","e606ed4dfc278c18e7ac38c3cc8fdf842485aab069da2e942ac08039d994d502"
"data/bookdash_stress/manifest.json","data","1675","e2fa318213cab2ec41c437c1e5aa777966b2a6fdfdff4443cb8d50c8154f421e"
"data/bookdash_stress/run.log","data","3789","b0b2ab302a62dc67b0276176482e8695b711a26e0f198f4298dd689f16d18d9a"
"data/figure_experiments/correlation_panel_data.csv","data","119508","b5adf12a8b794766c225f9daed184f6c4faf92adcac54b11f8a20c84525dab8a"
"data/figure_experiments/diagnostic_summary.json","data","472","47d0e03be497ca8cd7d1088437206e716f29e919149b58e0fa76e20ee4e4433d"
"data/figure_experiments/feature_signal_summary.csv","data","7054","96f8eccaa352a48cb466209ed560881c38c34ff1f00f98f6dc212277b6eab5d5"
"data/figure_experiments/figure_experiment_blocks.csv","data","153","2bc93c3b86bf494e512f146a97093c3a614f709ccbebe922de032c6bee34dfd7"
"data/figure_experiments/manifest.json","data","452","0b69d7c73969453c494718cc592b4688549f0659020a8063fb7fd5525246b5d2"
"data/figure_experiments/oof_regression_metrics.csv","data","1383","27ba4df7148e7e63bdc17a7cce3cf001f30de63ad094401793b03a9c36ed15fe"
"data/figure_experiments/oof_regression_predictions.csv","data","121482","47befe87b1db0565b7e166b324916e3457601e46ed394aed44997d509ddf0b08"
"data/figure_experiments/pca_tier_coordinates.csv","data","98723","571c72aefae9c51963556a2338c4fa65bba71c3cfa109f009e48b57a9309f7f4"
"data/figure_experiments/proxy_transfer_metrics.csv","data","161","7e09fb41d5fc7b256db5d6c55bcdbbaa7ae596a6bdef8aad55a96e7925b0bb28"
"data/figure_experiments/proxy_transfer_predictions.csv","data","14756","67fd1fe1e2537d0f239fe30adc961c227885a726893d5dcdc724aeb65ad4cd83"
"data/figure_experiments/tier_diagnostic_metrics.csv","data","385","259d95dc68765e311b4c2b319927c5367c7350662e774a70d90c337738cf0614"
"data/figure_experiments/tier_diagnostic_predictions.csv","data","229540","5fc6b1436f8665a6e17f755bfdb8ba16aa95751e90cda59de60a34249221de3f"
"data/main_results/server_v2_cv_metrics.csv","data","53992","1d57d390a20d190e653d3673de26c3056e8b84b6adf427023c4536b4774035eb"
"data/main_results/server_v2_cv_summary.csv","data","9167","1857a526a782e395322969b6652911ebf914aa68a1fff1134185bc50d65c9a0d"
"data/main_results/server_v2_feature_summary.csv","data","228","aa9ff4314ff519bcfc14834a4ff2148937da5cdcbdcaa7e8a3abffe5426671ec"
"data/main_results/server_v2_manifest.json","data","615","ace7625c6b901554a78e9f82ad33159e04f2a8fa782293fc016a51cb6ed42372"
"data/main_results/server_v2_tier_metrics.csv","data","23250","058f620a65d47995b8eb99094657fd2c8878b838994774ed54ffcbba626909db"
"data/main_results/server_v2_tier_summary.csv","data","4535","134546999d34888eaa3e69d4c9284c62c8d14f67e58f9ae10f90133d2e5274a8"
"data/main_results/server_v2_transfer_metrics.csv","data","11851","e5213c6c6aabb4ee4351ca56ecabe58ea231eb9fbdf35bdf25a60ef961aa0f41"
"data/main_results/server_v2_transfer_summary.csv","data","8541","4aee036eaad50691066229607c908a5fef01ee83bfb4d62d2084cb0a1ae8f1d4"
"figures/bookdash_degradation_examples.pdf","figure_output","932566","8bec1ee4dafba9fd6020071ebab0bc4d0347c29edfe7dd8417c33657964e0eaa"
"figures/bookdash_degradation_examples.png","figure_output","812150","f9c8c72b4c5fa1f14e0074835850a09c8ac24ccf03094cb19fe94f96c7e55b2a"
"figures/bookdash_stress_test.pdf","figure_output","18339","97383a6d451f88e0eb7a96959b30ffae2a522ae819e7edddf48972ed650dfb69"
"figures/bookdash_stress_test.png","figure_output","221534","ac9c4b653003164c51e8b3cfb2871e523ef9eeaf014e971b538a3db1d77b585e"
"figures/dml_visual_gain.pdf","figure_output","40972","fa73e991b0588b836c5cb18c24e10171bc1224772044cc5dbd277cce47d2ebbc"
"figures/dml_visual_gain.png","figure_output","176503","5dde73218dbe5962f008ebbd94e44b4f16802c6779a23795ed2aa0d65d339127"
"figures/feature_corr_pie_heatmap.pdf","figure_output","80650","13e9473418863c8257abf7ddc10af7014112a7c6335a476ec10abb50d11a3b87"
"figures/feature_corr_pie_heatmap.png","figure_output","1146879","742e5873a5619a6d82c3af016645bb8d726e9101ecf6f42c2a57ef0710222480"
"figures/framework_overview.pdf","figure_output","172435","e0ce76794df54813f9ad4891d6af2550b0b0c5e7e045b4eb16afb47d06c4a12f"
"figures/framework_overview.png","figure_output","1044176","d7dd176d4b28dc399322795e0496fe1d12d82751f50577453f0ee6e51c8a4aa9"
"figures/main_results.pdf","figure_output","45944","d62c371d61539fa2da97875ab6bc8f9b0d3c87fbc4bf5a55a5db3d057d8cbfe1"
"figures/main_results.png","figure_output","320626","14cf7e7c163ebe721ad07e5c692737b58da4b0e5dcf83b7a393a020422a02fc3"
"figures/oof_regression_marginal.pdf","figure_output","50663","de57ed84727eb3107da01c081ae18b11486a635061d46b117474bd52726ddf4f"
"figures/oof_regression_marginal.png","figure_output","575994","23337520ebdae140175d96bad1124fe79b40494d93dc6733b7606590127d1e33"
"figures/pca_tier_violin.pdf","figure_output","66653","85bab5f8a104fab3ccad0037fc2f7a4e7d16c1e2d446a426e8a0fa952f233635"
"figures/pca_tier_violin.png","figure_output","781220","a1bac1755d4976c7caf7fc7796cad3f77d58fe427f1426afb63a46c03653fb9f"
"figures/screening_transfer.pdf","figure_output","45703","ac7030ff5410fef91349c74ca528c5f1eced711c299f3e3a2604ad211921f2b1"
"figures/screening_transfer.png","figure_output","312442","f8c377c389529515141e3c215ca68fb6c994fe0a14c1745b4bc150753143feda"
"figures/tier_fan_confusion.pdf","figure_output","48428","cdf864816dad05952d73397fe610ca421c7315449f2f341400910db344b58b26"
"figures/tier_fan_confusion.png","figure_output","194533","19dfd6b0460bfbfca2701cd6fe913974a872b7d32ee54716d6b544cc9986cd4b"
"README.md","readme","2759","c448dc45b419ebdf0400a687ace09186e2fd550eb97dc73d77458323ff083e8f"
